-- Insert data into the 'series' table with explicit IDs
INSERT INTO series (id, title, prompt)
VALUES 
('11111111-1111-1111-1111-111111111111', 'lego darth vader', 'a lego darth vader with a single red lightsaber using the force to choke an enemy in random locations'),
('22222222-2222-2222-2222-222222222222', 'lego starwars', 'a random lego starwars figurine running towards the camera in a dramatic epic action scene in a random location'),
('33333333-3333-3333-3333-333333333333', 'lego lord of the rings', 'a random lego character from lord of the rings running from left to right and looking at the camera from a random location'),
('44444444-4444-4444-4444-444444444444', 'lego harry potter', 'a lego harry potter running to the camera in different locations'),
('55555555-5555-5555-5555-555555555555', 'fat batman', 'fake fat batman running away from random bullies in the style of a frank miller comic'),
('66666666-6666-6666-6666-666666666666', 'darth vader', 'darth vader using the force against enemies in random locations'),
('77777777-7777-7777-7777-777777777777', 'lego darth vader', 'a lego darth vader holding a single red lightsaber and with the other hand using the force against enemies in random locations. have the camera rotate in 3d around the character. Looks like a still from a movie shot by steven spielberg'),
('88888888-8888-8888-8888-888888888888', 'explosion', 'a random vehicle exploding in a cinematic action scene'),
('99999999-9999-9999-9999-999999999999', 'lego Baby Grogu', 'a lego Baby Grogu happily floating in his pod in a random city on earth using the force to levitate an object unique to the place he is visiting with the Mandalorian in the background'),
('aaaaaaaa-aaaa-aaaa-aaaa-aaaaaaaaaaaa', 'lego starwars', 'a random lego starwars figurine in a iconic starwars scene hero shot in a random location packed with action'),
('bbbbbbbb-bbbb-bbbb-bbbb-bbbbbbbbbbbb', 'lrgo scene', 'a random lego starwars figurine in a iconic starwars scene hero shot in a random location packed with action');

-- Insert data into the 'images' table using series_id
INSERT INTO images (series_id, title, prompt, url, width, height, content_type)
VALUES 
('11111111-1111-1111-1111-111111111111', 'Darth Vader Chokes at the Beach', 'A Lego figure of Darth Vader with a black helmet and armor, wielding a single bright red lightsaber, is using the Force to choke a tiny Lego beach-goer. The background features a sunny beach with bright golden sand and gentle waves lapping at the shore, while palm trees sway gently in the breeze. A beach ball and a colorful towel lay on the sand nearby.', 'https://fal.media/files/rabbit/9AVIh-B4yLikVOBaHEGOQ.png', 576, 1024, 'image/jpeg'),
('22222222-2222-2222-2222-222222222222', 'Epic Chase Through the Desert', 'A Lego Star Wars figurine resembling a Jedi Knight with a green lightsaber, sprinting towards the camera with an intense expression on its face. The backdrop is a vast desert landscape with towering dunes and a blood-red sky, creating a dramatic atmosphere. Sand is flying behind the figure as it makes haste, with the faint outline of Tatooine''s twin suns setting in the distance.', 'https://fal.media/files/zebra/3FidiKv2BS0628OEg1geQ.png', 576, 1024, 'image/jpeg'),
('33333333-3333-3333-3333-333333333333', 'Escape from the Shire', 'A LEGO character inspired by Lord of the Rings, resembling a hobbit with curly brown hair, wearing a green cloak, running energetically across a vibrant green field in the Shire. The character is glancing back at the camera with wide eyes, as if fleeing from an unseen threat. The background includes rolling hills and quaint hobbit holes.', 'https://fal.media/files/elephant/ct2Uw7hHPI31_5gccDiUY.png', 576, 1024, 'image/jpeg'),
('33333333-3333-3333-3333-333333333333', 'Forest Fumble', 'A LEGO character inspired by Lord of the Rings, resembling an elf with long blond hair, dressed in a flowing blue tunic, sprinting through a mystical forest. The character is looking playfully at the camera as they leap over a fallen log, with sunlight streaming through the trees, creating a magical atmosphere.', 'https://fal.media/files/monkey/s3KwWdfAcmEOMEKI3D5BQ.png', 576, 1024, 'image/jpeg'),
('33333333-3333-3333-3333-333333333333', 'Mountain Dash', 'A LEGO character inspired by Lord of the Rings, resembling a dwarf with a bushy beard and wearing a dark red armor, running across rugged mountain terrain. The character is glancing at the camera with a look of determination. The scene is set against towering peaks and rocky cliffs with a blue sky above.', 'https://fal.media/files/monkey/thYpMBwk8yjyU_AcRifn6.png', 576, 1024, 'image/jpeg'),
('33333333-3333-3333-3333-333333333333', 'Mordor Madness', 'A LEGO character inspired by Lord of the Rings, resembling a troll with green skin and wearing tattered brown clothing, rushing across the ashen landscape of Mordor. The character looks directly at the camera with a surprised expression, as fiery mountains loom in the background, adding a sense of urgency.', 'https://fal.media/files/panda/zb0P9jbxAH4Y8FH09SwA7.png', 576, 1024, 'image/jpeg'),
('33333333-3333-3333-3333-333333333333', 'Cavern Chaos', 'A LEGO character inspired by Lord of the Rings, resembling a wizard with a long white beard and a flowing gray robe, running through a shadowy cavern. The character is gazing at the camera with an excited grin, light from a floating orb illuminating the rocky walls adorned with glowing crystals.', 'https://fal.media/files/zebra/mCQkPaKnrrp7H_dS9MzUb.png', 576, 1024, 'image/jpeg'),
('33333333-3333-3333-3333-333333333333', 'River Run', 'A LEGO character inspired by Lord of the Rings, resembling a ranger with rugged clothing and shoulder-length dark hair, sprinting along the banks of a rushing river. The character looks back at the camera with a playful smirk, surrounded by lush greenery and a sparkling blue river under the bright sun.', 'https://fal.media/files/penguin/AxydDKEm06S3W75BOPvtE.png', 576, 1024, 'image/jpeg'),
('44444444-4444-4444-4444-444444444444', 'LEGO Harry Potter in Diagon Alley', 'A LEGO Harry Potter minifigure with round glasses and a lightning bolt scar on his forehead running towards the camera in a bustling Diagon Alley filled with colorful shops, wizarding goods, and magical creatures.', 'https://fal.media/files/rabbit/tO-xGLa49N3XNnI21ow7d.png', 576, 1024, 'image/jpeg'),
('44444444-4444-4444-4444-444444444444', 'LEGO Harry Potter at the Quidditch Pitch', 'A LEGO Harry Potter minifigure in his Gryffindor robes, holding a broomstick, running excitedly towards the camera on a grassy Quidditch Pitch with goal hoops and cheering LEGO minifigures in the background.', 'https://fal.media/files/monkey/jgOx7DLgfzoPdZ8TUKuuF.png', 576, 1024, 'image/jpeg'),
('44444444-4444-4444-4444-444444444444', 'LEGO Harry Potter in the Forbidden Forest', 'A LEGO Harry Potter minifigure bravely running towards the camera amidst tall, dark trees in the Forbidden Forest, with magical creatures peeking out from behind the foliage.', 'https://fal.media/files/panda/ZuSSUh0DzdjQT4cl8KfRh.png', 576, 1024, 'image/jpeg'),
('44444444-4444-4444-4444-444444444444', 'LEGO Harry Potter in Hogwarts Castle', 'A LEGO Harry Potter minifigure dashing towards the camera in a grand hallway of Hogwarts Castle, with moving staircases and walls adorned with portraits of famous witches and wizards.', 'https://fal.media/files/tiger/WlrLziA7-wAo8Tbyje2sZ.png', 576, 1024, 'image/jpeg'),
('44444444-4444-4444-4444-444444444444', 'LEGO Harry Potter at Hagrid''s Hut', 'A cheerful LEGO Harry Potter minifigure running towards the camera in front of Hagrid’s hut, surrounded by lush greenery, with Fang the boarhound sitting nearby.', 'https://fal.media/files/monkey/RlF5BkPOPPgs_4FDqjZs-.png', 576, 1024, 'image/jpeg'),
('44444444-4444-4444-4444-444444444444', 'LEGO Harry Potter at Platform 9¾', 'A LEGO Harry Potter minifigure running towards the camera, excitedly approaching the bright red Hogwarts Express on Platform 9¾, with nearby LEGO wizards and witches boarding the train.', 'https://fal.media/files/kangaroo/SUjg2QptOr_WZJIxeLhKA.png', 576, 1024, 'image/jpeg'),
('55555555-5555-5555-5555-555555555555', 'The Unlikely Escape', 'A plump man in a comically oversized Batman suit with a big round stomach and a wobbly gait is running clumsily down a dark, gritty alley. His cowl barely fits over his head, and the cape flutters behind him. He is being pursued by a group of rough-looking teenage bullies with exaggerated facial expressions of surprise and laughter, set against a backdrop of stark, high-contrast shadows and angular buildings typical of Frank Miller''s comic style.', 'https://fal.media/files/tiger/enSmRS_hlkw3ACrwE4v3R.png', 576, 1024, 'image/jpeg'),
('55555555-5555-5555-5555-555555555555', 'The Chased Hero', 'A chubby man dressed as Batman, with a prominent belly bulging out of his costume, looks over his shoulder in panic as he runs from three sneering bullies. The scene is set under harsh city lights with deep shadows, showcasing the dramatic, expressive lines characteristic of Frank Miller’s artwork. The bullies have a mix of exaggerated features, like wide grins and menacing poses.', 'https://fal.media/files/koala/5SkouVcKNa3hjF9wS6TKI.png', 576, 1024, 'image/jpeg'),
('55555555-5555-5555-5555-555555555555', 'Cornered Caped Crusader', 'The fake fat Batman, with a comically elongated face, stands cornered in a crumbling brick alley, sweat visibly dripping down his face. His cape is too large and covers most of his body, giving him an even rounder appearance. The three bullies tower over him menacingly, their faces drawn in a mix of mockery and surprise. The scene captures the gritty urban atmosphere and sharp contrasts typical of Frank Miller''s style.', 'https://fal.media/files/zebra/qzuxUN2cs-LYWyD6lFOgy.png', 576, 1024, 'image/jpeg'),
('55555555-5555-5555-5555-555555555555', 'The Strategic Retreat', 'In the heat of a comical chase, a rotund Batman is glancing back while sprinting awkwardly down a darkened street, his eyes wide in faux terror. The imposing figures of the bullies loom behind him, their shadows elongated and comically exaggerated. This dynamic scene is illustrated with heavy ink lines and deep blacks, emphasizing the humor and urgency in the style of Frank Miller.', 'https://fal.media/files/zebra/lVCWY8w4PELaVRgkuyZbx.png', 576, 1024, 'image/jpeg'),
('55555555-5555-5555-5555-555555555555', 'Batman vs. Bullies Showdown', 'The fake fat Batman stands defiantly against the three bullies, hands on his hips, portraying a mix of bravery and absurdity. His suit is too tight, accentuating his round belly, while the bullies, drawn with sharp, jagged edges in their features, are caught off guard. The background showcases a gritty urban environment filled with dark shadows that frame the action-packed moment, reminiscent of Frank Miller''s graphic novels.', 'https://fal.media/files/penguin/iEfnuJhwLU7NIfb-NOVsg.png', 576, 1024, 'image/jpeg'),
('55555555-5555-5555-5555-555555555555', 'The Great Escape Plan', 'A chubby Batman, breathing heavily, peers from behind a dumpster while the bullies search nearby. His eyes are wide with determination, and he holds a comedic gadget that looks overly complicated for his situation. The scene emphasizes the tension with dramatic shadows and intense lines typical of Frank Miller’s gritty comic aesthetic, creating a playful yet serious atmosphere.', 'https://fal.media/files/tiger/qxubZBGyl4RDNQV0sBCZd.png', 576, 1024, 'image/jpeg'),

('66666666-6666-6666-6666-666666666666', 'Desert Duel', 'A menacing Darth Vader standing in an arid desert landscape, negative space filled with swirling sand dunes. His black armor gleams under the harsh sun as he raises his gloved hand to unleash the Force against a group of enemies trying to ambush him.', 'https://fal.media/files/zebra/JDBdC5laoFn_PStAiv2RA.png', 576, 1024, 'image/jpeg'),
('66666666-6666-6666-6666-666666666666', 'The Frozen Wasteland', 'Darth Vader, draped in his iconic black cape, stands atop a snowy peak in a frozen wasteland. He is surrounded by snowflakes whirling around him, as he uses the Force to lift and hurl enemies into the icy abyss below.', 'https://fal.media/files/zebra/oSFuQkig6kUittZAIVvQ2.png', 576, 1024, 'image/jpeg'),
('66666666-6666-6666-6666-666666666666', 'Urban Chaos', 'Darth Vader lurking in a dark alley of a futuristic city, neon lights glowing in the background. He stands confidently as he extends his hand, using the Force to throw an enemy against a wall, creating a dramatic contrast between his dark silhouette and the vibrant city lights.', 'https://fal.media/files/koala/OvkvWbYOU-UVyMNcTVVcn.png', 576, 1024, 'image/jpeg'),
('66666666-6666-6666-6666-666666666666', 'The Ancient Ruins', 'Darth Vader in a crumbling ancient temple overgrown with vines and moss. He towers over opponents, manipulating stone pillars around him with the Force, ready to crush them under the weight of ancient columns.', 'https://fal.media/files/rabbit/rdyHsb76SDUiMChHRa4h0.png', 576, 1024, 'image/jpeg'),
('66666666-6666-6666-6666-666666666666', 'Space Station Showdown', 'Darth Vader floating in zero gravity aboard a futuristic space station. His cape drifts behind him as he pushes against an enemy with his hand, sending them hurtling into a wall adorned with blinking control panels.', 'https://fal.media/files/rabbit/_R79Fi9eqYlLOkN0jAy-j.png', 576, 1024, 'image/jpeg'),
('66666666-6666-6666-6666-666666666666', 'Volcanic Battle', 'Darth Vader standing on the edge of a bubbling lava pit on a volcanic planet. Lava glows fiercely orange and red in the background as he unleashes the power of the Force to send fiery debris towards his attackers, embodying both rage and control.', 'https://fal.media/files/elephant/ZNI1rocgDpWuamN00ZsIK.png', 576, 1024, 'image/jpeg'),

('77777777-7777-7777-7777-777777777777', 'Darth Vader Invokes the Force', 'A LEGO Darth Vader character in menacing black armor, holding a single glowing red lightsaber in one hand. His other hand outstretched, using the Force against unseen enemies. The background is a blurred, chaotic battlefield with faint silhouettes of opponents. The camera is positioned to rotate around him, capturing the intensity of the scene as if in a dramatic movie shot, reminiscent of Steven Spielberg''s epic storytelling style.', 'https://fal.media/files/penguin/lQvkxQYqtwbvlZLtTI6OM.png', 576, 1024, 'image/jpeg'),
('77777777-7777-7777-7777-777777777777', 'Darth Vader in the Forest of Shadows', 'LEGO Darth Vader standing tall in a dark, lush forest. The tree branches loom overhead, and the ground is covered in mist. He wields a glowing red lightsaber, ready for attack, as he uses the other hand to push back unseen foes. The camera orbits around him, highlighting his formidable presence in this tense encounter.', 'https://fal.media/files/kangaroo/DrCMweLKLHESE1vYqZity.png', 576, 1024, 'image/jpeg'),
('77777777-7777-7777-7777-777777777777', 'Darth Vader: The Desert Duel', 'In a vast, sandy desert, a striking scene with LEGO Darth Vader, his black plastic cape billowing in the wind. He stands with a red lightsaber raised, looking fierce as he prepares to unleash the Force. The barren landscape holds the remnants of a long-lost civilization, creating an intriguing backdrop while the camera spins around him, capturing every angle of this dramatic showdown.', 'https://fal.media/files/zebra/zHwzhBWu7Yy3qZTDoTEuh.png', 576, 1024, 'image/jpeg'),
('77777777-7777-7777-7777-777777777777', 'Darth Vader on the Starship Deck', 'Inside a futuristic, sleek starship, LEGO Darth Vader stands confidently on a metallic deck. He holds a red lightsaber in one hand while his other hand is raised, exerting the Force against invisible assailants. The sleek technological background complements the high-stakes atmosphere as the camera circles around him, enhancing the cinematic feel of the scene.', 'https://fal.media/files/rabbit/XBlEeTUAjKSg4mVyNs_lA.png', 576, 1024, 'image/jpeg'),
('77777777-7777-7777-7777-777777777777', 'Darth Vader: The Great Escape', 'In a dark, neon-lit alley, LEGO Darth Vader is engaged in a dramatic standoff. He holds his red lightsaber menacingly while his other hand is raised, creating a dynamic pose as he uses the Force. Fast-paced urban elements surround him, and the camera rotates swiftly to capture the urgency and tension of the moment, making it feel like a scene from a gripping action movie.', 'https://fal.media/files/elephant/GvKflsFECOJmsqfcyRM9R.png', 576, 1024, 'image/jpeg'),
('77777777-7777-7777-7777-777777777777', 'Darth Vader in the Ice Cavern', 'Inside a shimmering ice cavern, LEGO Darth Vader stands boldly amidst glistening icicles. He is wielding a red lightsaber and using the Force with his other hand, casting an eerie glow across the icy walls. The cold environment contrasts with his fierce demeanor as the camera gracefully rotates around him, creating a magical yet dangerous atmosphere, deserving of cinematic artistry.', 'https://fal.media/files/zebra/1TBVIJqsuQ1OYhbdxpzfd.png', 576, 1024, 'image/jpeg'),

('88888888-8888-8888-8888-888888888888', 'The Mighty Tank Blast', 'A massive military tank surrounded by chaos, with flames and smoke billowing from its sides, just moments before a massive explosion. The scene is set in a war-torn landscape, with debris flying in the air and a backdrop of a fiery sunset, highlighting the intensity of the moment.', 'https://fal.media/files/koala/z5UanhlWIke9h7u-K9Opy.png', 576, 1024, 'image/jpeg'),
('88888888-8888-8888-8888-888888888888', 'High-Speed Car Chase', 'A sleek black sports car racing down a deserted highway, chased by shadowy figures in SUVs. The sports car is on the verge of a catastrophic explosion, with flames licking at its rear, and debris scattered across the road. Dust and gravel are kicked up by the speeding vehicles in the late afternoon light.', 'https://fal.media/files/lion/IsD5srAC6a_GTjg0q1VL7.png', 576, 1024, 'image/jpeg'),
('88888888-8888-8888-8888-888888888888', 'The Helicopter Showdown', 'A chopper hovering in the air, armed with machine guns, directly above a truck filled with explosives. The scene is vibrantly colored, with the sun setting in the background and smoke curling from the truck, creating a tense atmosphere right before an explosive detonation.', 'https://fal.media/files/panda/UtbTDGT1o-dDSOxSwjVHN.png', 576, 1024, 'image/jpeg'),
('88888888-8888-8888-8888-888888888888', 'The Fiery Train Wreck', 'An old locomotive train barreling down the tracks, flames erupting from the engine as it nears a derelict bridge. The train is full of passengers looking out in panic, and in the background, the bridge is crumbling, foreshadowing the impending explosion.', 'https://fal.media/files/elephant/uqwmN25uK6coxzty0kyQs.png', 576, 1024, 'image/jpeg'),
('88888888-8888-8888-8888-888888888888', 'The Ultimate Motorcycle Crash', 'A daring stunt rider performing an acrobatic jump on a bright red motorcycle mid-air, aimed toward a parked truck filled with explosive materials below. The background features a vibrant city skyline under a clear blue sky, while the bike is captured just before impact, emphasizing the thrill of the moment.', 'https://fal.media/files/panda/Q9oUlQK4APt_TyDli4i2U.png', 576, 1024, 'image/jpeg'),
('88888888-8888-8888-8888-888888888888', 'The Armored Vehicle Skirmish', 'A fortified armored truck being ambushed on a dusty desert road by armed mercenaries. Chaos ensues as gunfire erupts and the truck is seen bursting into flames, with billowing smoke and sparks flying outwards, under the blazing sun, creating an intense cinematic moment.', 'https://fal.media/files/penguin/1WtZxs32vRSVFHUYihyay.png', 576, 1024, 'image/jpeg'),

('99999999-9999-9999-9999-999999999999', 'Floating in Tokyo', 'A cheerful Lego Baby Grogu in his floating pod, joyfully using the Force to levitate a colorful sushi roll, with the bustling streets of Tokyo and the iconic Tokyo Tower in the background. The Mandalorian stands protectively, visible but not focused upon.', 'https://fal.media/files/panda/rApksqIrC1I-UmjATFPMw.png', 576, 1024, 'image/jpeg'),
('99999999-9999-9999-9999-999999999999', 'Grogu in New York', 'A playful Lego Baby Grogu in a floating pod, employing the Force to lift a bright yellow taxi cab, set against the impressive skyline of New York City, with tall buildings and the Statue of Liberty visible far off. The Mandalorian is in the background, watching closely.', 'https://fal.media/files/monkey/peaRFVWQ6Q5_ZbnnkT4D1.png', 576, 1024, 'image/jpeg'),
('99999999-9999-9999-9999-999999999999', 'Gazing over Paris', 'A charming Lego Baby Grogu happily floating in his pod, using the Force to levitate a red heart-shaped lock, a symbol of love, with the Eiffel Tower prominently showcased behind him. The Mandalorian stands nearby, observing the scene closely.', 'https://fal.media/files/zebra/U55-NPoPcep6kQwDTvP8l.png', 576, 1024, 'image/jpeg'),
('99999999-9999-9999-9999-999999999999', 'Adventure in London', 'A delightful Lego Baby Grogu, floating in his pod, playfully lifting an iconic red telephone booth with his Force powers amidst the backdrop of Big Ben and the Houses of Parliament. The Mandalorian stands in watchful stance behind him.', 'https://fal.media/files/rabbit/POKHBpeRUGi7DBe5DsPlt.png', 576, 1024, 'image/jpeg'),
('99999999-9999-9999-9999-999999999999', 'Exploring Cairo', 'A joyful Lego Baby Grogu in his floating pod, skillfully levitating a small pyramid artifact with the ancient Pyramids of Giza and the Sphinx in the background. The Mandalorian stands in a protective posture nearby, keeping a vigilant eye.', 'https://fal.media/files/penguin/OYaEfSs9nriAw4gtAKboX.png', 576, 1024, 'image/jpeg'),
('99999999-9999-9999-9999-999999999999', 'Wonders of Sydney', 'A gleeful Lego Baby Grogu, floating in his pod, using the Force to lift a small boomerang, with the Sydney Opera House and the Sydney Harbour Bridge in the background. The Mandalorian is subtly present in the scene, ensuring Grogu''s adventure is safe.', 'https://fal.media/files/panda/KA0IdQVEPCrfrTFZHo0Qt.png', 576, 1024, 'image/jpeg'),

('aaaaaaaa-aaaa-aaaa-aaaa-aaaaaaaaaaaa', 'The Battle of Hoth: A Lego Heroic Stand', 'A Lego Star Wars Stormtrooper figurine set against the snowy landscape of Hoth, gripping a blaster tightly. Huge Imperial AT-AT walkers loom in the background, and small Rebel vehicles are scattered in the snow. The Stormtrooper''s eyes are bright with determination, and snowflakes are swirling around him in a fierce battle scene.', 'https://fal.media/files/tiger/rvIEU8aYt3jFupjQ61Zsy.png', 576, 1024, 'image/jpeg'),
('aaaaaaaa-aaaa-aaaa-aaaa-aaaaaaaaaaaa', 'Lightsaber Duel on Mustafar', 'A Lego Star Wars Jedi Knight, featuring a blue lightsaber, stands confidently on a lava-ridden Mustafar landscape. The lava flows around the jagged rocks, casting an orange glow on the Jedi''s helmet. The expression on the Jedi''s face shows fierce concentration as they prepare for a duel, with molten lava splashing in the background.', 'https://fal.media/files/panda/7F_3bzr4Ms9lhOS5vxuxI.png', 576, 1024, 'image/jpeg'),
('aaaaaaaa-aaaa-aaaa-aaaa-aaaaaaaaaaaa', 'Escape from the Death Star', 'A Lego Star Wars Han Solo figurine, wearing his iconic vest, is behind the controls of the Millennium Falcon in a chaotic escape scene. The interior is filled with flashing lights and buttons, while the view outside shows TIE fighters pursuing them through space. Han''s face has an adventurous grin as he expertly navigates the ship, evoking a sense of urgency and excitement.', 'https://fal.media/files/monkey/QrvYHkZE8MGQ9e-BUJnPY.png', 576, 1024, 'image/jpeg'),

('bbbbbbbb-bbbb-bbbb-bbbb-bbbbbbbbbbbb', 'Epic Duel on the Death Star', 'A Lego Star Wars figurine resembling a generic Jedi, dressed in a beige robe and wielding a blue lightsaber, stands heroically poised on a large platform inside the Death Star, surrounded by explosions and a vibrant display of laser blasts. The background features ominous gray walls with glowing control panels, and stormtroopers in the distance firing at the Jedi. The scene conveys a sense of high-stakes action.', 'https://fal.media/files/elephant/gKrX4EouO1pDA5Fy0ihKD.png', 576, 1024, 'image/jpeg'),
('bbbbbbbb-bbbb-bbbb-bbbb-bbbbbbbbbbbb', 'Battle on Hoth', 'A Lego Star Wars figurine resembling a Rebel pilot in an orange jumpsuit, complete with a helmet and a blaster, charges forward in a snowy landscape on the icy planet Hoth, with AT-AT walkers looming in the background. The scene captures a fierce snow battle as blaster fire lights up the cold air, and fellow rebels can be seen taking cover behind snow piles, adding to the action and chaos of the moment.', 'https://fal.media/files/monkey/iS1dH3hIeYmvckGO0dZtE.png', 576, 1024, 'image/jpeg');

-- Insert data into the 'videos' table
INSERT INTO videos (series_id, title, description, thumbnail_url, status)
VALUES 
('bbbbbbbb-bbbb-bbbb-bbbb-bbbbbbbbbbbb', 'Epic Duel on the Death Star', 'In the heart of the Death Star, our brave Jedi stands defiantly. Clad in a beige robe, he wields his blue lightsaber against a backdrop of chaos. Explosions illuminate the ominous gray walls, while stormtroopers unleash their fire. A moment of heroism amidst the thrilling turmoil—this is the essence of adventure.', 'https://fal.media/files/elephant/gKrX4EouO1pDA5Fy0ihKD.png', 'NEW'),
('aaaaaaaa-aaaa-aaaa-aaaa-aaaaaaaaaaaa', 'Battle on Hoth', 'In the icy expanse of Hoth, a brave Rebel pilot in an orange jumpsuit charges through the chaos. AT-AT walkers loom ominously in the background, while blaster fire lights up the snowy battlefield. Fellow rebels take cover, united in their fight against overwhelming odds. The struggle for freedom ignites the frozen landscape.', 'https://fal.media/files/monkey/iS1dH3hIeYmvckGO0dZtE.png', 'NEW');